{"stats":{"minecraft:custom":{"minecraft:jump":21,"minecraft:open_chest":11,"minecraft:time_since_rest":1159,"minecraft:leave_game":1,"minecraft:deaths":1,"minecraft:crouch_one_cm":78,"minecraft:sprint_one_cm":2627,"minecraft:play_time":21375,"minecraft:walk_on_water_one_cm":3903,"minecraft:time_since_death":1134,"minecraft:walk_one_cm":2440,"minecraft:sneak_time":281,"minecraft:total_world_time":21375,"minecraft:walk_under_water_one_cm":17076,"minecraft:interact_with_anvil":1,"minecraft:interact_with_cartography_table":1,"minecraft:fly_one_cm":40174},"minecraft:used":{"minecraft:cartography_table":1,"minecraft:map":1,"minecraft:chest":2,"minecraft:writable_book":2,"minecraft:anvil":1,"minecraft:red_wool":42}},"DataVersion":3578}